{
  "comuni": [
    {"comune": "Napoli", "cap": "80100", "provincia": "NA", "regione": "Campania", "zona": 2},
    {"comune": "Salerno", "cap": "84100", "provincia": "SA", "regione": "Campania", "zona": 2},
    {"comune": "Caserta", "cap": "81100", "provincia": "CE", "regione": "Campania", "zona": 2},
    {"comune": "Avellino", "cap": "83100", "provincia": "AV", "regione": "Campania", "zona": 1},
    {"comune": "Benevento", "cap": "82100", "provincia": "BN", "regione": "Campania", "zona": 1},
    {"comune": "Pompei", "cap": "80045", "provincia": "NA", "regione": "Campania", "zona": 2},
    {"comune": "Sorrento", "cap": "80067", "provincia": "NA", "regione": "Campania", "zona": 2},
    {"comune": "Castellammare di Stabia", "cap": "80053", "provincia": "NA", "regione": "Campania", "zona": 2},

    {"comune": "Roma", "cap": "00100", "provincia": "RM", "regione": "Lazio", "zona": 3},
    {"comune": "Latina", "cap": "04100", "provincia": "LT", "regione": "Lazio", "zona": 3},
    {"comune": "Frosinone", "cap": "03100", "provincia": "FR", "regione": "Lazio", "zona": 2},
    {"comune": "Rieti", "cap": "02100", "provincia": "RI", "regione": "Lazio", "zona": 2},
    {"comune": "Viterbo", "cap": "01100", "provincia": "VT", "regione": "Lazio", "zona": 3},
    {"comune": "L'Aquila", "cap": "67100", "provincia": "AQ", "regione": "Abruzzo", "zona": 1},
    {"comune": "Teramo", "cap": "64100", "provincia": "TE", "regione": "Abruzzo", "zona": 2},
    {"comune": "Pescara", "cap": "65100", "provincia": "PE", "regione": "Abruzzo", "zona": 2},
    {"comune": "Chieti", "cap": "66100", "provincia": "CH", "regione": "Abruzzo", "zona": 2},

    {"comune": "Bari", "cap": "70100", "provincia": "BA", "regione": "Puglia", "zona": 3},
    {"comune": "Foggia", "cap": "71100", "provincia": "FG", "regione": "Puglia", "zona": 2},
    {"comune": "Taranto", "cap": "74100", "provincia": "TA", "regione": "Puglia", "zona": 3},
    {"comune": "Lecce", "cap": "73100", "provincia": "LE", "regione": "Puglia", "zona": 4},
    {"comune": "Brindisi", "cap": "72100", "provincia": "BR", "regione": "Puglia", "zona": 3},
    {"comune": "Barletta", "cap": "76121", "provincia": "BT", "regione": "Puglia", "zona": 2},

    {"comune": "Potenza", "cap": "85100", "provincia": "PZ", "regione": "Basilicata", "zona": 1},
    {"comune": "Matera", "cap": "75100", "provincia": "MT", "regione": "Basilicata", "zona": 2},

    {"comune": "Catanzaro", "cap": "88100", "provincia": "CZ", "regione": "Calabria", "zona": 1},
    {"comune": "Reggio Calabria", "cap": "89100", "provincia": "RC", "regione": "Calabria", "zona": 1},
    {"comune": "Cosenza", "cap": "87100", "provincia": "CS", "regione": "Calabria", "zona": 1},
    {"comune": "Crotone", "cap": "88900", "provincia": "KR", "regione": "Calabria", "zona": 2},
    {"comune": "Vibo Valentia", "cap": "89900", "provincia": "VV", "regione": "Calabria", "zona": 1},

    {"comune": "Campobasso", "cap": "86100", "provincia": "CB", "regione": "Molise", "zona": 2},
    {"comune": "Isernia", "cap": "86170", "provincia": "IS", "regione": "Molise", "zona": 1},

    {"comune": "Palermo", "cap": "90100", "provincia": "PA", "regione": "Sicilia", "zona": 2},
    {"comune": "Catania", "cap": "95100", "provincia": "CT", "regione": "Sicilia", "zona": 2},
    {"comune": "Messina", "cap": "98100", "provincia": "ME", "regione": "Sicilia", "zona": 1},
    {"comune": "Siracusa", "cap": "96100", "provincia": "SR", "regione": "Sicilia", "zona": 2},
    {"comune": "Ragusa", "cap": "97100", "provincia": "RG", "regione": "Sicilia", "zona": 2},
    {"comune": "Trapani", "cap": "91100", "provincia": "TP", "regione": "Sicilia", "zona": 2},
    {"comune": "Agrigento", "cap": "92100", "provincia": "AG", "regione": "Sicilia", "zona": 2},
    {"comune": "Caltanissetta", "cap": "93100", "provincia": "CL", "regione": "Sicilia", "zona": 2},
    {"comune": "Enna", "cap": "94100", "provincia": "EN", "regione": "Sicilia", "zona": 2},

    {"comune": "Cagliari", "cap": "09100", "provincia": "CA", "regione": "Sardegna", "zona": 4},
    {"comune": "Sassari", "cap": "07100", "provincia": "SS", "regione": "Sardegna", "zona": 4},
    {"comune": "Nuoro", "cap": "08100", "provincia": "NU", "regione": "Sardegna", "zona": 4},
    {"comune": "Oristano", "cap": "09170", "provincia": "OR", "regione": "Sardegna", "zona": 4},

    {"comune": "Milano", "cap": "20100", "provincia": "MI", "regione": "Lombardia", "zona": 4},
    {"comune": "Bergamo", "cap": "24100", "provincia": "BG", "regione": "Lombardia", "zona": 3},
    {"comune": "Brescia", "cap": "25100", "provincia": "BS", "regione": "Lombardia", "zona": 3},
    {"comune": "Como", "cap": "22100", "provincia": "CO", "regione": "Lombardia", "zona": 3},
    {"comune": "Cremona", "cap": "26100", "provincia": "CR", "regione": "Lombardia", "zona": 3},
    {"comune": "Lecco", "cap": "23900", "provincia": "LC", "regione": "Lombardia", "zona": 3},
    {"comune": "Lodi", "cap": "26900", "provincia": "LO", "regione": "Lombardia", "zona": 4},
    {"comune": "Mantova", "cap": "46100", "provincia": "MN", "regione": "Lombardia", "zona": 3},
    {"comune": "Monza", "cap": "20900", "provincia": "MB", "regione": "Lombardia", "zona": 4},
    {"comune": "Pavia", "cap": "27100", "provincia": "PV", "regione": "Lombardia", "zona": 4},
    {"comune": "Sondrio", "cap": "23100", "provincia": "SO", "regione": "Lombardia", "zona": 3},
    {"comune": "Varese", "cap": "21100", "provincia": "VA", "regione": "Lombardia", "zona": 4},

    {"comune": "Torino", "cap": "10100", "provincia": "TO", "regione": "Piemonte", "zona": 3},
    {"comune": "Alessandria", "cap": "15100", "provincia": "AL", "regione": "Piemonte", "zona": 4},
    {"comune": "Asti", "cap": "14100", "provincia": "AT", "regione": "Piemonte", "zona": 4},
    {"comune": "Biella", "cap": "13900", "provincia": "BI", "regione": "Piemonte", "zona": 4},
    {"comune": "Cuneo", "cap": "12100", "provincia": "CN", "regione": "Piemonte", "zona": 3},
    {"comune": "Novara", "cap": "28100", "provincia": "NO", "regione": "Piemonte", "zona": 4},
    {"comune": "Verbania", "cap": "28900", "provincia": "VB", "regione": "Piemonte", "zona": 4},
    {"comune": "Vercelli", "cap": "13100", "provincia": "VC", "regione": "Piemonte", "zona": 4},

    {"comune": "Genova", "cap": "16100", "provincia": "GE", "regione": "Liguria", "zona": 3},
    {"comune": "Imperia", "cap": "18100", "provincia": "IM", "regione": "Liguria", "zona": 3},
    {"comune": "La Spezia", "cap": "19100", "provincia": "SP", "regione": "Liguria", "zona": 3},
    {"comune": "Savona", "cap": "17100", "provincia": "SV", "regione": "Liguria", "zona": 3},

    {"comune": "Bologna", "cap": "40100", "provincia": "BO", "regione": "Emilia-Romagna", "zona": 3},
    {"comune": "Ferrara", "cap": "44100", "provincia": "FE", "regione": "Emilia-Romagna", "zona": 3},
    {"comune": "Forlì", "cap": "47100", "provincia": "FC", "regione": "Emilia-Romagna", "zona": 2},
    {"comune": "Cesena", "cap": "47521", "provincia": "FC", "regione": "Emilia-Romagna", "zona": 2},
    {"comune": "Modena", "cap": "41100", "provincia": "MO", "regione": "Emilia-Romagna", "zona": 3},
    {"comune": "Parma", "cap": "43100", "provincia": "PR", "regione": "Emilia-Romagna", "zona": 3},
    {"comune": "Piacenza", "cap": "29100", "provincia": "PC", "regione": "Emilia-Romagna", "zona": 3},
    {"comune": "Ravenna", "cap": "48100", "provincia": "RA", "regione": "Emilia-Romagna", "zona": 3},
    {"comune": "Reggio Emilia", "cap": "42100", "provincia": "RE", "regione": "Emilia-Romagna", "zona": 3},
    {"comune": "Rimini", "cap": "47900", "provincia": "RN", "regione": "Emilia-Romagna", "zona": 2},

    {"comune": "Venezia", "cap": "30100", "provincia": "VE", "regione": "Veneto", "zona": 4},
    {"comune": "Padova", "cap": "35100", "provincia": "PD", "regione": "Veneto", "zona": 3},
    {"comune": "Verona", "cap": "37100", "provincia": "VR", "regione": "Veneto", "zona": 3},
    {"comune": "Vicenza", "cap": "36100", "provincia": "VI", "regione": "Veneto", "zona": 3},
    {"comune": "Treviso", "cap": "31100", "provincia": "TV", "regione": "Veneto", "zona": 3},
    {"comune": "Belluno", "cap": "32100", "provincia": "BL", "regione": "Veneto", "zona": 2},
    {"comune": "Rovigo", "cap": "45100", "provincia": "RO", "regione": "Veneto", "zona": 3},

    {"comune": "Trieste", "cap": "34100", "provincia": "TS", "regione": "Friuli-Venezia Giulia", "zona": 3},
    {"comune": "Udine", "cap": "33100", "provincia": "UD", "regione": "Friuli-Venezia Giulia", "zona": 2},
    {"comune": "Pordenone", "cap": "33170", "provincia": "PN", "regione": "Friuli-Venezia Giulia", "zona": 3},
    {"comune": "Gorizia", "cap": "34170", "provincia": "GO", "regione": "Friuli-Venezia Giulia", "zona": 3},

    {"comune": "Trento", "cap": "38100", "provincia": "TN", "regione": "Trentino-Alto Adige", "zona": 3},
    {"comune": "Bolzano", "cap": "39100", "provincia": "BZ", "regione": "Trentino-Alto Adige", "zona": 4},

    {"comune": "Aosta", "cap": "11100", "provincia": "AO", "regione": "Valle d'Aosta", "zona": 4},

    {"comune": "Ancona", "cap": "60100", "provincia": "AN", "regione": "Marche", "zona": 2},
    {"comune": "Ascoli Piceno", "cap": "63100", "provincia": "AP", "regione": "Marche", "zona": 2},
    {"comune": "Fermo", "cap": "63900", "provincia": "FM", "regione": "Marche", "zona": 2},
    {"comune": "Macerata", "cap": "62100", "provincia": "MC", "regione": "Marche", "zona": 2},
    {"comune": "Pesaro", "cap": "61100", "provincia": "PU", "regione": "Marche", "zona": 2},
    {"comune": "Urbino", "cap": "61029", "provincia": "PU", "regione": "Marche", "zona": 2},

    {"comune": "Firenze", "cap": "50100", "provincia": "FI", "regione": "Toscana", "zona": 3},
    {"comune": "Arezzo", "cap": "52100", "provincia": "AR", "regione": "Toscana", "zona": 3},
    {"comune": "Grosseto", "cap": "58100", "provincia": "GR", "regione": "Toscana", "zona": 3},
    {"comune": "Livorno", "cap": "57100", "provincia": "LI", "regione": "Toscana", "zona": 3},
    {"comune": "Lucca", "cap": "55100", "provincia": "LU", "regione": "Toscana", "zona": 3},
    {"comune": "Massa", "cap": "54100", "provincia": "MS", "regione": "Toscana", "zona": 3},
    {"comune": "Carrara", "cap": "54033", "provincia": "MS", "regione": "Toscana", "zona": 3},
    {"comune": "Pisa", "cap": "56100", "provincia": "PI", "regione": "Toscana", "zona": 3},
    {"comune": "Pistoia", "cap": "51100", "provincia": "PT", "regione": "Toscana", "zona": 3},
    {"comune": "Prato", "cap": "59100", "provincia": "PO", "regione": "Toscana", "zona": 3},
    {"comune": "Siena", "cap": "53100", "provincia": "SI", "regione": "Toscana", "zona": 3},

    {"comune": "Perugia", "cap": "06100", "provincia": "PG", "regione": "Umbria", "zona": 2},
    {"comune": "Terni", "cap": "05100", "provincia": "TR", "regione": "Umbria", "zona": 2}
  ]
}
