{
  "comuni": [
    {"comune": "Acerno", "provincia": "SA", "regione": "Campania", "cap": "84042", "zona": 2},
    {"comune": "Acerra", "provincia": "NA", "regione": "Campania", "cap": "80011", "zona": 2},
    {"comune": "Afragola", "provincia": "NA", "regione": "Campania", "cap": "80021", "zona": 2},
    {"comune": "Agerola", "provincia": "NA", "regione": "Campania", "cap": "80051", "zona": 2},
    {"comune": "Agropoli", "provincia": "SA", "regione": "Campania", "cap": "84043", "zona": 2},
    {"comune": "Aiello del Sabato", "provincia": "AV", "regione": "Campania", "cap": "83020", "zona": 1},
    {"comune": "Ailano", "provincia": "CE", "regione": "Campania", "cap": "81010", "zona": 2},
    {"comune": "Airola", "provincia": "BN", "regione": "Campania", "cap": "82011", "zona": 1},
    {"comune": "Albanella", "provincia": "SA", "regione": "Campania", "cap": "84044", "zona": 2},
    {"comune": "Alfano", "provincia": "SA", "regione": "Campania", "cap": "84040", "zona": 2},
    {"comune": "Alife", "provincia": "CE", "regione": "Campania", "cap": "81011", "zona": 2},
    {"comune": "Altavilla Irpina", "provincia": "AV", "regione": "Campania", "cap": "83011", "zona": 1},
    {"comune": "Altavilla Silentina", "provincia": "SA", "regione": "Campania", "cap": "84045", "zona": 2},
    {"comune": "Alvignano", "provincia": "CE", "regione": "Campania", "cap": "81012", "zona": 2},
    {"comune": "Amalfi", "provincia": "SA", "regione": "Campania", "cap": "84011", "zona": 2},
    {"comune": "Amatrice", "provincia": "RI", "regione": "Lazio", "cap": "02012", "zona": 1},
    {"comune": "Amorosi", "provincia": "BN", "regione": "Campania", "cap": "82031", "zona": 2},
    {"comune": "Anacapri", "provincia": "NA", "regione": "Campania", "cap": "80071", "zona": 2},
    {"comune": "Andretta", "provincia": "AV", "regione": "Campania", "cap": "83040", "zona": 1},
    {"comune": "Angri", "provincia": "SA", "regione": "Campania", "cap": "84012", "zona": 2},
    {"comune": "Aquilonia", "provincia": "AV", "regione": "Campania", "cap": "83041", "zona": 1},
    {"comune": "Ariano Irpino", "provincia": "AV", "regione": "Campania", "cap": "83031", "zona": 1},
    {"comune": "Arienzo", "provincia": "CE", "regione": "Campania", "cap": "81021", "zona": 2},
    {"comune": "Arpaia", "provincia": "BN", "regione": "Campania", "cap": "82011", "zona": 1},
    {"comune": "Arpaise", "provincia": "BN", "regione": "Campania", "cap": "82010", "zona": 1},
    {"comune": "Ascea", "provincia": "SA", "regione": "Campania", "cap": "84046", "zona": 2},
    {"comune": "Atella", "provincia": "AV", "regione": "Campania", "cap": "83042", "zona": 1},
    {"comune": "Atrani", "provincia": "SA", "regione": "Campania", "cap": "84010", "zona": 2},
    {"comune": "Atripalda", "provincia": "AV", "regione": "Campania", "cap": "83012", "zona": 1},
    {"comune": "Aversa", "provincia": "CE", "regione": "Campania", "cap": "81031", "zona": 2},
    {"comune": "Avella", "provincia": "AV", "regione": "Campania", "cap": "83021", "zona": 1},
    {"comune": "Avellino", "provincia": "AV", "regione": "Campania", "cap": "83100", "zona": 1},
    {"comune": "Bacoli", "provincia": "NA", "regione": "Campania", "cap": "80070", "zona": 2},
    {"comune": "Bagnoli Irpino", "provincia": "AV", "regione": "Campania", "cap": "83043", "zona": 1},
    {"comune": "Baiano", "provincia": "AV", "regione": "Campania", "cap": "83022", "zona": 1},
    {"comune": "Baronissi", "provincia": "SA", "regione": "Campania", "cap": "84081", "zona": 2},
    {"comune": "Battipaglia", "provincia": "SA", "regione": "Campania", "cap": "84091", "zona": 2},
    {"comune": "Bellizzi", "provincia": "SA", "regione": "Campania", "cap": "84092", "zona": 2},
    {"comune": "Bellona", "provincia": "CE", "regione": "Campania", "cap": "81041", "zona": 2},
    {"comune": "Benevento", "provincia": "BN", "regione": "Campania", "cap": "82100", "zona": 1},
    {"comune": "Bisaccia", "provincia": "AV", "regione": "Campania", "cap": "83044", "zona": 1},
    {"comune": "Boscoreale", "provincia": "NA", "regione": "Campania", "cap": "80041", "zona": 2},
    {"comune": "Boscotrecase", "provincia": "NA", "regione": "Campania", "cap": "80042", "zona": 2},
    {"comune": "Bracigliano", "provincia": "SA", "regione": "Campania", "cap": "84082", "zona": 2},
    {"comune": "Brusciano", "provincia": "NA", "regione": "Campania", "cap": "80031", "zona": 2},
    {"comune": "Caggiano", "provincia": "SA", "regione": "Campania", "cap": "84030", "zona": 2},
    {"comune": "Caianello", "provincia": "CE", "regione": "Campania", "cap": "81059", "zona": 2},
    {"comune": "Caiazzo", "provincia": "CE", "regione": "Campania", "cap": "81013", "zona": 2},
    {"comune": "Cairano", "provincia": "AV", "regione": "Campania", "cap": "83040", "zona": 1},
    {"comune": "Calitri", "provincia": "AV", "regione": "Campania", "cap": "83045", "zona": 1},
    {"comune": "Calvizzano", "provincia": "NA", "regione": "Campania", "cap": "80012", "zona": 2},
    {"comune": "Caivano", "provincia": "NA", "regione": "Campania", "cap": "80023", "zona": 2},
    {"comune": "Camerota", "provincia": "SA", "regione": "Campania", "cap": "84040", "zona": 2},
    {"comune": "Campagna", "provincia": "SA", "regione": "Campania", "cap": "84022", "zona": 2},
    {"comune": "Capaccio Paestum", "provincia": "SA", "regione": "Campania", "cap": "84047", "zona": 2},
    {"comune": "Capodrise", "provincia": "CE", "regione": "Campania", "cap": "81020", "zona": 2},
    {"comune": "Capri", "provincia": "NA", "regione": "Campania", "cap": "80073", "zona": 2},
    {"comune": "Capua", "provincia": "CE", "regione": "Campania", "cap": "81043", "zona": 2},
    {"comune": "Carbonara di Nola", "provincia": "NA", "regione": "Campania", "cap": "80030", "zona": 2},
    {"comune": "Cardito", "provincia": "NA", "regione": "Campania", "cap": "80024", "zona": 2},
    {"comune": "Carinaro", "provincia": "CE", "regione": "Campania", "cap": "81032", "zona": 2},
    {"comune": "Carinola", "provincia": "CE", "regione": "Campania", "cap": "81030", "zona": 2},
    {"comune": "Casagiove", "provincia": "CE", "regione": "Campania", "cap": "81022", "zona": 2},
    {"comune": "Casal di Principe", "provincia": "CE", "regione": "Campania", "cap": "81033", "zona": 2},
    {"comune": "Casal Velino", "provincia": "SA", "regione": "Campania", "cap": "84040", "zona": 2},
    {"comune": "Casalbuono", "provincia": "SA", "regione": "Campania", "cap": "84030", "zona": 2},
    {"comune": "Casalbore", "provincia": "AV", "regione": "Campania", "cap": "83034", "zona": 1},
    {"comune": "Casaluce", "provincia": "CE", "regione": "Campania", "cap": "81030", "zona": 2},
    {"comune": "Casalnuovo di Napoli", "provincia": "NA", "regione": "Campania", "cap": "80013", "zona": 2},
    {"comune": "Casandrino", "provincia": "NA", "regione": "Campania", "cap": "80025", "zona": 2},
    {"comune": "Casapesenna", "provincia": "CE", "regione": "Campania", "cap": "81030", "zona": 2},
    {"comune": "Casapulla", "provincia": "CE", "regione": "Campania", "cap": "81020", "zona": 2},
    {"comune": "Casavatore", "provincia": "NA", "regione": "Campania", "cap": "80020", "zona": 2},
    {"comune": "Caselle in Pittari", "provincia": "SA", "regione": "Campania", "cap": "84030", "zona": 2},
    {"comune": "Caserta", "provincia": "CE", "regione": "Campania", "cap": "81100", "zona": 2},
    {"comune": "Casola di Napoli", "provincia": "NA", "regione": "Campania", "cap": "80050", "zona": 2},
    {"comune": "Casoria", "provincia": "NA", "regione": "Campania", "cap": "80026", "zona": 2},
    {"comune": "Castel Baronia", "provincia": "AV", "regione": "Campania", "cap": "83040", "zona": 1},
    {"comune": "Castel Campagnano", "provincia": "CE", "regione": "Campania", "cap": "81010", "zona": 2},
    {"comune": "Castel di Sasso", "provincia": "CE", "regione": "Campania", "cap": "81030", "zona": 2},
    {"comune": "Castel Morrone", "provincia": "CE", "regione": "Campania", "cap": "81020", "zona": 2},
    {"comune": "Castel San Giorgio", "provincia": "SA", "regione": "Campania", "cap": "84083", "zona": 2},
    {"comune": "Castel San Lorenzo", "provincia": "SA", "regione": "Campania", "cap": "84049", "zona": 2},
    {"comune": "Castel Volturno", "provincia": "CE", "regione": "Campania", "cap": "81030", "zona": 2},
    {"comune": "Castelcivita", "provincia": "SA", "regione": "Campania", "cap": "84020", "zona": 2},
    {"comune": "Castelfranci", "provincia": "AV", "regione": "Campania", "cap": "83040", "zona": 1},
    {"comune": "Castellabate", "provincia": "SA", "regione": "Campania", "cap": "84048", "zona": 2},
    {"comune": "Castellammare di Stabia", "provincia": "NA", "regione": "Campania", "cap": "80053", "zona": 2},
    {"comune": "Castello del Matese", "provincia": "CE", "regione": "Campania", "cap": "81016", "zona": 2},
    {"comune": "Castelnuovo Cilento", "provincia": "SA", "regione": "Campania", "cap": "84040", "zona": 2},
    {"comune": "Castelpagano", "provincia": "BN", "regione": "Campania", "cap": "82024", "zona": 1},
    {"comune": "Castelpoto", "provincia": "BN", "regione": "Campania", "cap": "82030", "zona": 1},
    {"comune": "Castelvenere", "provincia": "BN", "regione": "Campania", "cap": "82037", "zona": 1},
    {"comune": "Castelvetere in Val Fortore", "provincia": "BN", "regione": "Campania", "cap": "82023", "zona": 1},
    {"comune": "Castelvetere sul Calore", "provincia": "AV", "regione": "Campania", "cap": "83040", "zona": 1},
    {"comune": "Cautano", "provincia": "BN", "regione": "Campania", "cap": "82030", "zona": 1},
    {"comune": "Cava de' Tirreni", "provincia": "SA", "regione": "Campania", "cap": "84013", "zona": 2},
    {"comune": "Cellole", "provincia": "CE", "regione": "Campania", "cap": "81030", "zona": 2},
    {"comune": "Centola", "provincia": "SA", "regione": "Campania", "cap": "84051", "zona": 2},
    {"comune": "Ceraso", "provincia": "SA", "regione": "Campania", "cap": "84052", "zona": 2},
    {"comune": "Cercola", "provincia": "NA", "regione": "Campania", "cap": "80040", "zona": 2},
    {"comune": "Cerreto Sannita", "provincia": "BN", "regione": "Campania", "cap": "82032", "zona": 1},
    {"comune": "Cervino", "provincia": "CE", "regione": "Campania", "cap": "81023", "zona": 2},
    {"comune": "Cervinara", "provincia": "AV", "regione": "Campania", "cap": "83012", "zona": 1},
    {"comune": "Cesa", "provincia": "CE", "regione": "Campania", "cap": "81030", "zona": 2},
    {"comune": "Cetara", "provincia": "SA", "regione": "Campania", "cap": "84010", "zona": 2},
    {"comune": "Chiusano di San Domenico", "provincia": "AV", "regione": "Campania", "cap": "83040", "zona": 1},
    {"comune": "Cimitile", "provincia": "NA", "regione": "Campania", "cap": "80030", "zona": 2},
    {"comune": "Cicciano", "provincia": "NA", "regione": "Campania", "cap": "80033", "zona": 2},
    {"comune": "Conca dei Marini", "provincia": "SA", "regione": "Campania", "cap": "84010", "zona": 2},
    {"comune": "Conca della Campania", "provincia": "CE", "regione": "Campania", "cap": "81044", "zona": 2},
    {"comune": "Contursi Terme", "provincia": "SA", "regione": "Campania", "cap": "84024", "zona": 2},
    {"comune": "Corbara", "provincia": "SA", "regione": "Campania", "cap": "84010", "zona": 2},
    {"comune": "Crispano", "provincia": "NA", "regione": "Campania", "cap": "80020", "zona": 2},
    {"comune": "Cusano Mutri", "provincia": "BN", "regione": "Campania", "cap": "82033", "zona": 1},
    {"comune": "Eboli", "provincia": "SA", "regione": "Campania", "cap": "84025", "zona": 2},
    {"comune": "Ercolano", "provincia": "NA", "regione": "Campania", "cap": "80056", "zona": 2},
    {"comune": "Fisciano", "provincia": "SA", "regione": "Campania", "cap": "84084", "zona": 2},
    {"comune": "Fontanarosa", "provincia": "AV", "regione": "Campania", "cap": "83040", "zona": 1},
    {"comune": "Forino", "provincia": "AV", "regione": "Campania", "cap": "83020", "zona": 1},
    {"comune": "Fragneto Monforte", "provincia": "BN", "regione": "Campania", "cap": "82020", "zona": 1},
    {"comune": "Frattamaggiore", "provincia": "NA", "regione": "Campania", "cap": "80027", "zona": 2},
    {"comune": "Frattaminore", "provincia": "NA", "regione": "Campania", "cap": "80020", "zona": 2},
    {"comune": "Frigento", "provincia": "AV", "regione": "Campania", "cap": "83040", "zona": 1},
    {"comune": "Frignano", "provincia": "CE", "regione": "Campania", "cap": "81030", "zona": 2},
    {"comune": "Furore", "provincia": "SA", "regione": "Campania", "cap": "84010", "zona": 2},
    {"comune": "Giffoni Sei Casali", "provincia": "SA", "regione": "Campania", "cap": "84090", "zona": 2},
    {"comune": "Giffoni Valle Piana", "provincia": "SA", "regione": "Campania", "cap": "84095", "zona": 2},
    {"comune": "Giugliano in Campania", "provincia": "NA", "regione": "Campania", "cap": "80014", "zona": 2},
    {"comune": "Gragnano", "provincia": "NA", "regione": "Campania", "cap": "80054", "zona": 2},
    {"comune": "Grottaminarda", "provincia": "AV", "regione": "Campania", "cap": "83035", "zona": 1},
    {"comune": "Grottolella", "provincia": "AV", "regione": "Campania", "cap": "83010", "zona": 1},
    {"comune": "Grumo Nevano", "provincia": "NA", "regione": "Campania", "cap": "80028", "zona": 2},
    {"comune": "Guardia Sanframondi", "provincia": "BN", "regione": "Campania", "cap": "82034", "zona": 1},
    {"comune": "Ischia", "provincia": "NA", "regione": "Campania", "cap": "80070", "zona": 2},
    {"comune": "Lacedonia", "provincia": "AV", "regione": "Campania", "cap": "83046", "zona": 1},
    {"comune": "Lauro", "provincia": "AV", "regione": "Campania", "cap": "83023", "zona": 1},
    {"comune": "Lettere", "provincia": "NA", "regione": "Campania", "cap": "80050", "zona": 2},
    {"comune": "Limatola", "provincia": "BN", "regione": "Campania", "cap": "82030", "zona": 1},
    {"comune": "Lioni", "provincia": "AV", "regione": "Campania", "cap": "83047", "zona": 1},
    {"comune": "Liveri", "provincia": "NA", "regione": "Campania", "cap": "80030", "zona": 2},
    {"comune": "Maddaloni", "provincia": "CE", "regione": "Campania", "cap": "81024", "zona": 2},
    {"comune": "Maiori", "provincia": "SA", "regione": "Campania", "cap": "84010", "zona": 2},
    {"comune": "Marcianise", "provincia": "CE", "regione": "Campania", "cap": "81025", "zona": 2},
    {"comune": "Marigliano", "provincia": "NA", "regione": "Campania", "cap": "80034", "zona": 2},
    {"comune": "Mariglianella", "provincia": "NA", "regione": "Campania", "cap": "80030", "zona": 2},
    {"comune": "Marano di Napoli", "provincia": "NA", "regione": "Campania", "cap": "80016", "zona": 2},
    {"comune": "Massa di Somma", "provincia": "NA", "regione": "Campania", "cap": "80040", "zona": 2},
    {"comune": "Massa Lubrense", "provincia": "NA", "regione": "Campania", "cap": "80061", "zona": 2},
    {"comune": "Melito di Napoli", "provincia": "NA", "regione": "Campania", "cap": "80017", "zona": 2},
    {"comune": "Melizzano", "provincia": "BN", "regione": "Campania", "cap": "82030", "zona": 1},
    {"comune": "Mercato San Severino", "provincia": "SA", "regione": "Campania", "cap": "84085", "zona": 2},
    {"comune": "Mercogliano", "provincia": "AV", "regione": "Campania", "cap": "83013", "zona": 1},
    {"comune": "Meta", "provincia": "NA", "regione": "Campania", "cap": "80062", "zona": 2},
    {"comune": "Minori", "provincia": "SA", "regione": "Campania", "cap": "84010", "zona": 2},
    {"comune": "Mirabella Eclano", "provincia": "AV", "regione": "Campania", "cap": "83036", "zona": 1},
    {"comune": "Moiano", "provincia": "BN", "regione": "Campania", "cap": "82010", "zona": 1},
    {"comune": "Mondragone", "provincia": "CE", "regione": "Campania", "cap": "81034", "zona": 2},
    {"comune": "Montecorvino Pugliano", "provincia": "SA", "regione": "Campania", "cap": "84090", "zona": 2},
    {"comune": "Montecorvino Rovella", "provincia": "SA", "regione": "Campania", "cap": "84096", "zona": 2},
    {"comune": "Montefalcione", "provincia": "AV", "regione": "Campania", "cap": "83030", "zona": 1},
    {"comune": "Monteforte Irpino", "provincia": "AV", "regione": "Campania", "cap": "83024", "zona": 1},
    {"comune": "Montefredane", "provincia": "AV", "regione": "Campania", "cap": "83030", "zona": 1},
    {"comune": "Montefusco", "provincia": "AV", "regione": "Campania", "cap": "83030", "zona": 1},
    {"comune": "Montella", "provincia": "AV", "regione": "Campania", "cap": "83048", "zona": 1},
    {"comune": "Montemarano", "provincia": "AV", "regione": "Campania", "cap": "83040", "zona": 1},
    {"comune": "Montemiletto", "provincia": "AV", "regione": "Campania", "cap": "83038", "zona": 1},
    {"comune": "Montesano sulla Marcellana", "provincia": "SA", "regione": "Campania", "cap": "84033", "zona": 2},
    {"comune": "Montesarchio", "provincia": "BN", "regione": "Campania", "cap": "82016", "zona": 1},
    {"comune": "Monteverde", "provincia": "AV", "regione": "Campania", "cap": "83049", "zona": 1},
    {"comune": "Montoro", "provincia": "AV", "regione": "Campania", "cap": "83025", "zona": 1},
    {"comune": "Morcone", "provincia": "BN", "regione": "Campania", "cap": "82026", "zona": 1},
    {"comune": "Mugnano del Cardinale", "provincia": "AV", "regione": "Campania", "cap": "83027", "zona": 1},
    {"comune": "Mugnano di Napoli", "provincia": "NA", "regione": "Campania", "cap": "80018", "zona": 2},
    {"comune": "Napoli", "provincia": "NA", "regione": "Campania", "cap": "80100", "zona": 2},
    {"comune": "Nocera Inferiore", "provincia": "SA", "regione": "Campania", "cap": "84014", "zona": 2},
    {"comune": "Nocera Superiore", "provincia": "SA", "regione": "Campania", "cap": "84015", "zona": 2},
    {"comune": "Nola", "provincia": "NA", "regione": "Campania", "cap": "80035", "zona": 2},
    {"comune": "Nusco", "provincia": "AV", "regione": "Campania", "cap": "83051", "zona": 1},
    {"comune": "Oliveto Citra", "provincia": "SA", "regione": "Campania", "cap": "84020", "zona": 2},
    {"comune": "Olevano sul Tusciano", "provincia": "SA", "regione": "Campania", "cap": "84062", "zona": 2},
    {"comune": "Orta di Atella", "provincia": "CE", "regione": "Campania", "cap": "81030", "zona": 2},
    {"comune": "Ospedaletto d'Alpinolo", "provincia": "AV", "regione": "Campania", "cap": "83014", "zona": 1},
    {"comune": "Ottaviano", "provincia": "NA", "regione": "Campania", "cap": "80044", "zona": 2},
    {"comune": "Padula", "provincia": "SA", "regione": "Campania", "cap": "84034", "zona": 2},
    {"comune": "Pagani", "provincia": "SA", "regione": "Campania", "cap": "84016", "zona": 2},
    {"comune": "Parete", "provincia": "CE", "regione": "Campania", "cap": "81030", "zona": 2},
    {"comune": "Pellezzano", "provincia": "SA", "regione": "Campania", "cap": "84080", "zona": 2},
    {"comune": "Perdifumo", "provincia": "SA", "regione": "Campania", "cap": "84060", "zona": 2},
    {"comune": "Pesco Sannita", "provincia": "BN", "regione": "Campania", "cap": "82020", "zona": 1},
    {"comune": "Piano di Sorrento", "provincia": "NA", "regione": "Campania", "cap": "80063", "zona": 2},
    {"comune": "Piedimonte Matese", "provincia": "CE", "regione": "Campania", "cap": "81016", "zona": 2},
    {"comune": "Pietramelara", "provincia": "CE", "regione": "Campania", "cap": "81051", "zona": 2},
    {"comune": "Pietrastornina", "provincia": "AV", "regione": "Campania", "cap": "83015", "zona": 1},
    {"comune": "Pimonte", "provincia": "NA", "regione": "Campania", "cap": "80050", "zona": 2},
    {"comune": "Pisciotta", "provincia": "SA", "regione": "Campania", "cap": "84066", "zona": 2},
    {"comune": "Poggiomarino", "provincia": "NA", "regione": "Campania", "cap": "80040", "zona": 2},
    {"comune": "Pollena Trocchia", "provincia": "NA", "regione": "Campania", "cap": "80040", "zona": 2},
    {"comune": "Polla", "provincia": "SA", "regione": "Campania", "cap": "84035", "zona": 2},
    {"comune": "Pollica", "provincia": "SA", "regione": "Campania", "cap": "84068", "zona": 2},
    {"comune": "Pomigliano d'Arco", "provincia": "NA", "regione": "Campania", "cap": "80038", "zona": 2},
    {"comune": "Pompei", "provincia": "NA", "regione": "Campania", "cap": "80045", "zona": 2},
    {"comune": "Pontecagnano Faiano", "provincia": "SA", "regione": "Campania", "cap": "84098", "zona": 2},
    {"comune": "Pontelandolfo", "provincia": "BN", "regione": "Campania", "cap": "82027", "zona": 1},
    {"comune": "Portici", "provincia": "NA", "regione": "Campania", "cap": "80055", "zona": 2},
    {"comune": "Positano", "provincia": "SA", "regione": "Campania", "cap": "84017", "zona": 2},
    {"comune": "Pozzuoli", "provincia": "NA", "regione": "Campania", "cap": "80078", "zona": 2},
    {"comune": "Praiano", "provincia": "SA", "regione": "Campania", "cap": "84010", "zona": 2},
    {"comune": "Pratola Serra", "provincia": "AV", "regione": "Campania", "cap": "83039", "zona": 1},
    {"comune": "Procida", "provincia": "NA", "regione": "Campania", "cap": "80079", "zona": 2},
    {"comune": "Qualiano", "provincia": "NA", "regione": "Campania", "cap": "80019", "zona": 2},
    {"comune": "Quadrelle", "provincia": "AV", "regione": "Campania", "cap": "83020", "zona": 1},
    {"comune": "Quarto", "provincia": "NA", "regione": "Campania", "cap": "80010", "zona": 2},
    {"comune": "Ravello", "provincia": "SA", "regione": "Campania", "cap": "84010", "zona": 2},
    {"comune": "Recale", "provincia": "CE", "regione": "Campania", "cap": "81020", "zona": 2},
    {"comune": "Roccarainola", "provincia": "NA", "regione": "Campania", "cap": "80030", "zona": 2},
    {"comune": "Roccapiemonte", "provincia": "SA", "regione": "Campania", "cap": "84086", "zona": 2},
    {"comune": "Rofrano", "provincia": "SA", "regione": "Campania", "cap": "84070", "zona": 2},
    {"comune": "Rotondi", "provincia": "AV", "regione": "Campania", "cap": "83017", "zona": 1},
    {"comune": "Sala Consilina", "provincia": "SA", "regione": "Campania", "cap": "84036", "zona": 2},
    {"comune": "Salerno", "provincia": "SA", "regione": "Campania", "cap": "84100", "zona": 2},
    {"comune": "San Cipriano d'Aversa", "provincia": "CE", "regione": "Campania", "cap": "81036", "zona": 2},
    {"comune": "San Felice a Cancello", "provincia": "CE", "regione": "Campania", "cap": "81027", "zona": 2},
    {"comune": "San Gennaro Vesuviano", "provincia": "NA", "regione": "Campania", "cap": "80040", "zona": 2},
    {"comune": "San Giorgio a Cremano", "provincia": "NA", "regione": "Campania", "cap": "80046", "zona": 2},
    {"comune": "San Giorgio del Sannio", "provincia": "BN", "regione": "Campania", "cap": "82018", "zona": 1},
    {"comune": "San Giovanni a Piro", "provincia": "SA", "regione": "Campania", "cap": "84070", "zona": 2},
    {"comune": "San Giuseppe Vesuviano", "provincia": "NA", "regione": "Campania", "cap": "80047", "zona": 2},
    {"comune": "San Gregorio Magno", "provincia": "SA", "regione": "Campania", "cap": "84020", "zona": 2},
    {"comune": "San Leucio del Sannio", "provincia": "BN", "regione": "Campania", "cap": "82010", "zona": 1},
    {"comune": "San Mango Piemonte", "provincia": "SA", "regione": "Campania", "cap": "84090", "zona": 2},
    {"comune": "San Mango sul Calore", "provincia": "AV", "regione": "Campania", "cap": "83050", "zona": 1},
    {"comune": "San Marcellino", "provincia": "CE", "regione": "Campania", "cap": "81030", "zona": 2},
    {"comune": "San Marco dei Cavoti", "provincia": "BN", "regione": "Campania", "cap": "82029", "zona": 1},
    {"comune": "San Martino Valle Caudina", "provincia": "AV", "regione": "Campania", "cap": "83018", "zona": 1},
    {"comune": "San Marzano sul Sarno", "provincia": "SA", "regione": "Campania", "cap": "84010", "zona": 2},
    {"comune": "San Michele di Serino", "provincia": "AV", "regione": "Campania", "cap": "83020", "zona": 1},
    {"comune": "San Nicola la Strada", "provincia": "CE", "regione": "Campania", "cap": "81020", "zona": 2},
    {"comune": "San Paolo Bel Sito", "provincia": "NA", "regione": "Campania", "cap": "80030", "zona": 2},
    {"comune": "San Potito Sannitico", "provincia": "CE", "regione": "Campania", "cap": "81016", "zona": 2},
    {"comune": "San Prisco", "provincia": "CE", "regione": "Campania", "cap": "81054", "zona": 2},
    {"comune": "San Sebastiano al Vesuvio", "provincia": "NA", "regione": "Campania", "cap": "80040", "zona": 2},
    {"comune": "San Tammaro", "provincia": "CE", "regione": "Campania", "cap": "81050", "zona": 2},
    {"comune": "San Valentino Torio", "provincia": "SA", "regione": "Campania", "cap": "84010", "zona": 2},
    {"comune": "San Vitaliano", "provincia": "NA", "regione": "Campania", "cap": "80030", "zona": 2},
    {"comune": "Sant'Agata de' Goti", "provincia": "BN", "regione": "Campania", "cap": "82019", "zona": 1},
    {"comune": "Sant'Agnello", "provincia": "NA", "regione": "Campania", "cap": "80065", "zona": 2},
    {"comune": "Sant'Anastasia", "provincia": "NA", "regione": "Campania", "cap": "80048", "zona": 2},
    {"comune": "Sant'Angelo a Cupolo", "provincia": "BN", "regione": "Campania", "cap": "82010", "zona": 1},
    {"comune": "Sant'Angelo d'Alife", "provincia": "CE", "regione": "Campania", "cap": "81017", "zona": 2},
    {"comune": "Sant'Angelo dei Lombardi", "provincia": "AV", "regione": "Campania", "cap": "83054", "zona": 1},
    {"comune": "Sant'Antimo", "provincia": "NA", "regione": "Campania", "cap": "80029", "zona": 2},
    {"comune": "Sant'Antonio Abate", "provincia": "NA", "regione": "Campania", "cap": "80057", "zona": 2},
    {"comune": "Sant'Arpino", "provincia": "CE", "regione": "Campania", "cap": "81030", "zona": 2},
    {"comune": "Sant'Egidio del Monte Albino", "provincia": "SA", "regione": "Campania", "cap": "84010", "zona": 2},
    {"comune": "Santa Lucia di Serino", "provincia": "AV", "regione": "Campania", "cap": "83020", "zona": 1},
    {"comune": "Santa Maria a Vico", "provincia": "CE", "regione": "Campania", "cap": "81028", "zona": 2},
    {"comune": "Santa Maria Capua Vetere", "provincia": "CE", "regione": "Campania", "cap": "81055", "zona": 2},
    {"comune": "Santa Maria la Carità", "provincia": "NA", "regione": "Campania", "cap": "80050", "zona": 2},
    {"comune": "Sarno", "provincia": "SA", "regione": "Campania", "cap": "84087", "zona": 2},
    {"comune": "Sassano", "provincia": "SA", "regione": "Campania", "cap": "84038", "zona": 2},
    {"comune": "Sassinoro", "provincia": "BN", "regione": "Campania", "cap": "82020", "zona": 1},
    {"comune": "Saviano", "provincia": "NA", "regione": "Campania", "cap": "80039", "zona": 2},
    {"comune": "Scafati", "provincia": "SA", "regione": "Campania", "cap": "84018", "zona": 2},
    {"comune": "Scala", "provincia": "SA", "regione": "Campania", "cap": "84010", "zona": 2},
    {"comune": "Scampitella", "provincia": "AV", "regione": "Campania", "cap": "83050", "zona": 1},
    {"comune": "Scisciano", "provincia": "NA", "regione": "Campania", "cap": "80030", "zona": 2},
    {"comune": "Senerchia", "provincia": "AV", "regione": "Campania", "cap": "83050", "zona": 1},
    {"comune": "Serino", "provincia": "AV", "regione": "Campania", "cap": "83028", "zona": 1},
    {"comune": "Sessa Aurunca", "provincia": "CE", "regione": "Campania", "cap": "81037", "zona": 2},
    {"comune": "Siano", "provincia": "SA", "regione": "Campania", "cap": "84088", "zona": 2},
    {"comune": "Solofra", "provincia": "AV", "regione": "Campania", "cap": "83029", "zona": 1},
    {"comune": "Somma Vesuviana", "provincia": "NA", "regione": "Campania", "cap": "80049", "zona": 2},
    {"comune": "Sorrento", "provincia": "NA", "regione": "Campania", "cap": "80067", "zona": 2},
    {"comune": "Sparanise", "provincia": "CE", "regione": "Campania", "cap": "81056", "zona": 2},
    {"comune": "Sperone", "provincia": "AV", "regione": "Campania", "cap": "83020", "zona": 1},
    {"comune": "Striano", "provincia": "NA", "regione": "Campania", "cap": "80040", "zona": 2},
    {"comune": "Sturno", "provincia": "AV", "regione": "Campania", "cap": "83055", "zona": 1},
    {"comune": "Succivo", "provincia": "CE", "regione": "Campania", "cap": "81030", "zona": 2},
    {"comune": "Summonte", "provincia": "AV", "regione": "Campania", "cap": "83010", "zona": 1},
    {"comune": "Taurano", "provincia": "AV", "regione": "Campania", "cap": "83020", "zona": 1},
    {"comune": "Taurasi", "provincia": "AV", "regione": "Campania", "cap": "83030", "zona": 1},
    {"comune": "Teano", "provincia": "CE", "regione": "Campania", "cap": "81057", "zona": 2},
    {"comune": "Teggiano", "provincia": "SA", "regione": "Campania", "cap": "84039", "zona": 2},
    {"comune": "Telese Terme", "provincia": "BN", "regione": "Campania", "cap": "82037", "zona": 1},
    {"comune": "Terzigno", "provincia": "NA", "regione": "Campania", "cap": "80040", "zona": 2},
    {"comune": "Teverola", "provincia": "CE", "regione": "Campania", "cap": "81030", "zona": 2},
    {"comune": "Torre Annunziata", "provincia": "NA", "regione": "Campania", "cap": "80058", "zona": 2},
    {"comune": "Torre del Greco", "provincia": "NA", "regione": "Campania", "cap": "80059", "zona": 2},
    {"comune": "Torre Le Nocelle", "provincia": "AV", "regione": "Campania", "cap": "83030", "zona": 1},
    {"comune": "Torrecuso", "provincia": "BN", "regione": "Campania", "cap": "82030", "zona": 1},
    {"comune": "Torrioni", "provincia": "AV", "regione": "Campania", "cap": "83010", "zona": 1},
    {"comune": "Tramonti", "provincia": "SA", "regione": "Campania", "cap": "84010", "zona": 2},
    {"comune": "Trecase", "provincia": "NA", "regione": "Campania", "cap": "80040", "zona": 2},
    {"comune": "Trentola Ducenta", "provincia": "CE", "regione": "Campania", "cap": "81038", "zona": 2},
    {"comune": "Tufo", "provincia": "AV", "regione": "Campania", "cap": "83010", "zona": 1},
    {"comune": "Vallo della Lucania", "provincia": "SA", "regione": "Campania", "cap": "84078", "zona": 2},
    {"comune": "Vallesaccarda", "provincia": "AV", "regione": "Campania", "cap": "83050", "zona": 1},
    {"comune": "Venticano", "provincia": "AV", "regione": "Campania", "cap": "83030", "zona": 1},
    {"comune": "Vibonati", "provincia": "SA", "regione": "Campania", "cap": "84079", "zona": 2},
    {"comune": "Vico Equense", "provincia": "NA", "regione": "Campania", "cap": "80069", "zona": 2},
    {"comune": "Visciano", "provincia": "NA", "regione": "Campania", "cap": "80030", "zona": 2},
    {"comune": "Villa di Briano", "provincia": "CE", "regione": "Campania", "cap": "81030", "zona": 2},
    {"comune": "Villa Literno", "provincia": "CE", "regione": "Campania", "cap": "81039", "zona": 2},
    {"comune": "Villaricca", "provincia": "NA", "regione": "Campania", "cap": "80010", "zona": 2},
    {"comune": "Volla", "provincia": "NA", "regione": "Campania", "cap": "80040", "zona": 2},
    {"comune": "Volturara Irpina", "provincia": "AV", "regione": "Campania", "cap": "83050", "zona": 1},

    {"comune": "Roma", "provincia": "RM", "regione": "Lazio", "cap": "00100", "zona": 3},
    {"comune": "Latina", "provincia": "LT", "regione": "Lazio", "cap": "04100", "zona": 3},
    {"comune": "Frosinone", "provincia": "FR", "regione": "Lazio", "cap": "03100", "zona": 2},
    {"comune": "Rieti", "provincia": "RI", "regione": "Lazio", "cap": "02100", "zona": 2},
    {"comune": "Viterbo", "provincia": "VT", "regione": "Lazio", "cap": "01100", "zona": 3},

    {"comune": "L'Aquila", "provincia": "AQ", "regione": "Abruzzo", "cap": "67100", "zona": 1},
    {"comune": "Teramo", "provincia": "TE", "regione": "Abruzzo", "cap": "64100", "zona": 2},
    {"comune": "Pescara", "provincia": "PE", "regione": "Abruzzo", "cap": "65100", "zona": 2},
    {"comune": "Chieti", "provincia": "CH", "regione": "Abruzzo", "cap": "66100", "zona": 2},

    {"comune": "Bari", "provincia": "BA", "regione": "Puglia", "cap": "70100", "zona": 3},
    {"comune": "Foggia", "provincia": "FG", "regione": "Puglia", "cap": "71100", "zona": 2},
    {"comune": "Taranto", "provincia": "TA", "regione": "Puglia", "cap": "74100", "zona": 3},
    {"comune": "Lecce", "provincia": "LE", "regione": "Puglia", "cap": "73100", "zona": 4},
    {"comune": "Brindisi", "provincia": "BR", "regione": "Puglia", "cap": "72100", "zona": 3},
    {"comune": "Barletta", "provincia": "BT", "regione": "Puglia", "cap": "76121", "zona": 2},

    {"comune": "Potenza", "provincia": "PZ", "regione": "Basilicata", "cap": "85100", "zona": 1},
    {"comune": "Matera", "provincia": "MT", "regione": "Basilicata", "cap": "75100", "zona": 2},

    {"comune": "Catanzaro", "provincia": "CZ", "regione": "Calabria", "cap": "88100", "zona": 1},
    {"comune": "Reggio Calabria", "provincia": "RC", "regione": "Calabria", "cap": "89100", "zona": 1},
    {"comune": "Cosenza", "provincia": "CS", "regione": "Calabria", "cap": "87100", "zona": 1},
    {"comune": "Crotone", "provincia": "KR", "regione": "Calabria", "cap": "88900", "zona": 2},
    {"comune": "Vibo Valentia", "provincia": "VV", "regione": "Calabria", "cap": "89900", "zona": 1},

    {"comune": "Campobasso", "provincia": "CB", "regione": "Molise", "cap": "86100", "zona": 2},
    {"comune": "Isernia", "provincia": "IS", "regione": "Molise", "cap": "86170", "zona": 1},

    {"comune": "Palermo", "provincia": "PA", "regione": "Sicilia", "cap": "90100", "zona": 2},
    {"comune": "Catania", "provincia": "CT", "regione": "Sicilia", "cap": "95100", "zona": 2},
    {"comune": "Messina", "provincia": "ME", "regione": "Sicilia", "cap": "98100", "zona": 1},
    {"comune": "Siracusa", "provincia": "SR", "regione": "Sicilia", "cap": "96100", "zona": 2},
    {"comune": "Ragusa", "provincia": "RG", "regione": "Sicilia", "cap": "97100", "zona": 2},
    {"comune": "Trapani", "provincia": "TP", "regione": "Sicilia", "cap": "91100", "zona": 2},
    {"comune": "Agrigento", "provincia": "AG", "regione": "Sicilia", "cap": "92100", "zona": 2},
    {"comune": "Caltanissetta", "provincia": "CL", "regione": "Sicilia", "cap": "93100", "zona": 2},
    {"comune": "Enna", "provincia": "EN", "regione": "Sicilia", "cap": "94100", "zona": 2},

    {"comune": "Cagliari", "provincia": "CA", "regione": "Sardegna", "cap": "09100", "zona": 4},
    {"comune": "Sassari", "provincia": "SS", "regione": "Sardegna", "cap": "07100", "zona": 4},
    {"comune": "Nuoro", "provincia": "NU", "regione": "Sardegna", "cap": "08100", "zona": 4},
    {"comune": "Oristano", "provincia": "OR", "regione": "Sardegna", "cap": "09170", "zona": 4},

    {"comune": "Milano", "provincia": "MI", "regione": "Lombardia", "cap": "20100", "zona": 4},
    {"comune": "Bergamo", "provincia": "BG", "regione": "Lombardia", "cap": "24100", "zona": 3},
    {"comune": "Brescia", "provincia": "BS", "regione": "Lombardia", "cap": "25100", "zona": 3},
    {"comune": "Como", "provincia": "CO", "regione": "Lombardia", "cap": "22100", "zona": 3},
    {"comune": "Cremona", "provincia": "CR", "regione": "Lombardia", "cap": "26100", "zona": 3},
    {"comune": "Lecco", "provincia": "LC", "regione": "Lombardia", "cap": "23900", "zona": 3},
    {"comune": "Lodi", "provincia": "LO", "regione": "Lombardia", "cap": "26900", "zona": 4},
    {"comune": "Mantova", "provincia": "MN", "regione": "Lombardia", "cap": "46100", "zona": 3},
    {"comune": "Monza", "provincia": "MB", "regione": "Lombardia", "cap": "20900", "zona": 4},
    {"comune": "Pavia", "provincia": "PV", "regione": "Lombardia", "cap": "27100", "zona": 4},
    {"comune": "Sondrio", "provincia": "SO", "regione": "Lombardia", "cap": "23100", "zona": 3},
    {"comune": "Varese", "provincia": "VA", "regione": "Lombardia", "cap": "21100", "zona": 4},

    {"comune": "Torino", "provincia": "TO", "regione": "Piemonte", "cap": "10100", "zona": 3},
    {"comune": "Alessandria", "provincia": "AL", "regione": "Piemonte", "cap": "15100", "zona": 4},
    {"comune": "Asti", "provincia": "AT", "regione": "Piemonte", "cap": "14100", "zona": 4},
    {"comune": "Biella", "provincia": "BI", "regione": "Piemonte", "cap": "13900", "zona": 4},
    {"comune": "Cuneo", "provincia": "CN", "regione": "Piemonte", "cap": "12100", "zona": 3},
    {"comune": "Novara", "provincia": "NO", "regione": "Piemonte", "cap": "28100", "zona": 4},
    {"comune": "Verbania", "provincia": "VB", "regione": "Piemonte", "cap": "28900", "zona": 4},
    {"comune": "Vercelli", "provincia": "VC", "regione": "Piemonte", "cap": "13100", "zona": 4},

    {"comune": "Genova", "provincia": "GE", "regione": "Liguria", "cap": "16100", "zona": 3},
    {"comune": "Imperia", "provincia": "IM", "regione": "Liguria", "cap": "18100", "zona": 3},
    {"comune": "La Spezia", "provincia": "SP", "regione": "Liguria", "cap": "19100", "zona": 3},
    {"comune": "Savona", "provincia": "SV", "regione": "Liguria", "cap": "17100", "zona": 3},

    {"comune": "Bologna", "provincia": "BO", "regione": "Emilia-Romagna", "cap": "40100", "zona": 3},
    {"comune": "Ferrara", "provincia": "FE", "regione": "Emilia-Romagna", "cap": "44100", "zona": 3},
    {"comune": "Forlì", "provincia": "FC", "regione": "Emilia-Romagna", "cap": "47100", "zona": 2},
    {"comune": "Cesena", "provincia": "FC", "regione": "Emilia-Romagna", "cap": "47521", "zona": 2},
    {"comune": "Modena", "provincia": "MO", "regione": "Emilia-Romagna", "cap": "41100", "zona": 3},
    {"comune": "Parma", "provincia": "PR", "regione": "Emilia-Romagna", "cap": "43100", "zona": 3},
    {"comune": "Piacenza", "provincia": "PC", "regione": "Emilia-Romagna", "cap": "29100", "zona": 3},
    {"comune": "Ravenna", "provincia": "RA", "regione": "Emilia-Romagna", "cap": "48100", "zona": 3},
    {"comune": "Reggio Emilia", "provincia": "RE", "regione": "Emilia-Romagna", "cap": "42100", "zona": 3},
    {"comune": "Rimini", "provincia": "RN", "regione": "Emilia-Romagna", "cap": "47900", "zona": 2},

    {"comune": "Venezia", "provincia": "VE", "regione": "Veneto", "cap": "30100", "zona": 4},
    {"comune": "Padova", "provincia": "PD", "regione": "Veneto", "cap": "35100", "zona": 3},
    {"comune": "Verona", "provincia": "VR", "regione": "Veneto", "cap": "37100", "zona": 3},
    {"comune": "Vicenza", "provincia": "VI", "regione": "Veneto", "cap": "36100", "zona": 3},
    {"comune": "Treviso", "provincia": "TV", "regione": "Veneto", "cap": "31100", "zona": 3},
    {"comune": "Belluno", "provincia": "BL", "regione": "Veneto", "cap": "32100", "zona": 2},
    {"comune": "Rovigo", "provincia": "RO", "regione": "Veneto", "cap": "45100", "zona": 3},

    {"comune": "Trieste", "provincia": "TS", "regione": "Friuli-Venezia Giulia", "cap": "34100", "zona": 3},
    {"comune": "Udine", "provincia": "UD", "regione": "Friuli-Venezia Giulia", "cap": "33100", "zona": 2},
    {"comune": "Pordenone", "provincia": "PN", "regione": "Friuli-Venezia Giulia", "cap": "33170", "zona": 3},
    {"comune": "Gorizia", "provincia": "GO", "regione": "Friuli-Venezia Giulia", "cap": "34170", "zona": 3},

    {"comune": "Trento", "provincia": "TN", "regione": "Trentino-Alto Adige", "cap": "38100", "zona": 3},
    {"comune": "Bolzano", "provincia": "BZ", "regione": "Trentino-Alto Adige", "cap": "39100", "zona": 4},

    {"comune": "Aosta", "provincia": "AO", "regione": "Valle d'Aosta", "cap": "11100", "zona": 4},

    {"comune": "Ancona", "provincia": "AN", "regione": "Marche", "cap": "60100", "zona": 2},
    {"comune": "Ascoli Piceno", "provincia": "AP", "regione": "Marche", "cap": "63100", "zona": 2},
    {"comune": "Fermo", "provincia": "FM", "regione": "Marche", "cap": "63900", "zona": 2},
    {"comune": "Macerata", "provincia": "MC", "regione": "Marche", "cap": "62100", "zona": 2},
    {"comune": "Pesaro", "provincia": "PU", "regione": "Marche", "cap": "61100", "zona": 2},
    {"comune": "Urbino", "provincia": "PU", "regione": "Marche", "cap": "61029", "zona": 2},

    {"comune": "Firenze", "provincia": "FI", "regione": "Toscana", "cap": "50100", "zona": 3},
    {"comune": "Arezzo", "provincia": "AR", "regione": "Toscana", "cap": "52100", "zona": 3},
    {"comune": "Grosseto", "provincia": "GR", "regione": "Toscana", "cap": "58100", "zona": 3},
    {"comune": "Livorno", "provincia": "LI", "regione": "Toscana", "cap": "57100", "zona": 3},
    {"comune": "Lucca", "provincia": "LU", "regione": "Toscana", "cap": "55100", "zona": 3},
    {"comune": "Massa", "provincia": "MS", "regione": "Toscana", "cap": "54100", "zona": 3},
    {"comune": "Carrara", "provincia": "MS", "regione": "Toscana", "cap": "54033", "zona": 3},
    {"comune": "Pisa", "provincia": "PI", "regione": "Toscana", "cap": "56100", "zona": 3},
    {"comune": "Pistoia", "provincia": "PT", "regione": "Toscana", "cap": "51100", "zona": 3},
    {"comune": "Prato", "provincia": "PO", "regione": "Toscana", "cap": "59100", "zona": 3},
    {"comune": "Siena", "provincia": "SI", "regione": "Toscana", "cap": "53100", "zona": 3},

    {"comune": "Perugia", "provincia": "PG", "regione": "Umbria", "cap": "06100", "zona": 2},
    {"comune": "Terni", "provincia": "TR", "regione": "Umbria", "cap": "05100", "zona": 2}
  ]
}
